<?xml version="1.0" encoding="UTF-8"?>
<root>
    <item>
        <date>2021-12-25</date>
        <maximum>6.64767599106</maximum>
        <local>Vila nova de Famalicão</local>
    </item>
    <item>
        <date>2021-12-24</date>
        <maximum>26.7529506683</maximum>
        <local>Terras de Bouro</local>
    </item>
    <item>
        <date>2021-12-23</date>
        <maximum>18.0625743866</maximum>
        <local>Terras de Bouro</local>
    </item>
    <item>
        <date>2021-12-22</date>
        <maximum>3.35349225998</maximum>
        <local>Terras de Bouro</local>
    </item>
    <item>
        <date>2021-12-21</date>
        <maximum>10.3999919891</maximum>
        <local>Braga</local>
    </item>
    <item>
        <date>2021-12-20</date>
        <maximum>28.1999778748</maximum>
        <local>Braga</local>
    </item>
    <item>
        <date>2021-12-19</date>
        <maximum>0.00326297758147</maximum>
        <local>Celoirico de Basto</local>
    </item>
    <item>
        <date>2021-12-18</date>
        <maximum>0.0126221813262</maximum>
        <local>Vila Verde</local>
    </item>
    <item>
        <date>2021-12-17</date>
        <maximum>0.099999897182</maximum>
        <local>Braga</local>
    </item>
</root>