[ {
  "date" : "2021-12-25",
  "maximum" : 6.64767599106,
  "local" : "Vila nova de Famalicão"
}, {
  "date" : "2021-12-24",
  "maximum" : 26.7529506683,
  "local" : "Terras de Bouro"
}, {
  "date" : "2021-12-23",
  "maximum" : 18.0625743866,
  "local" : "Terras de Bouro"
}, {
  "date" : "2021-12-22",
  "maximum" : 3.35349225998,
  "local" : "Terras de Bouro"
}, {
  "date" : "2021-12-21",
  "maximum" : 10.3999919891,
  "local" : "Braga"
}, {
  "date" : "2021-12-20",
  "maximum" : 28.1999778748,
  "local" : "Braga"
}, {
  "date" : "2021-12-19",
  "maximum" : 0.00326297758147,
  "local" : "Celoirico de Basto"
}, {
  "date" : "2021-12-18",
  "maximum" : 0.0126221813262,
  "local" : "Vila Verde"
}, {
  "date" : "2021-12-17",
  "maximum" : 0.099999897182,
  "local" : "Braga"
} ]