[ {
  "date" : "2021-12-28",
  "minimum" : 5.1235294342,
  "local" : "Celoirico de Basto"
}, {
  "date" : "2021-12-27",
  "minimum" : 10.3486204147,
  "local" : "Terras de Bouro"
}, {
  "date" : "2021-12-26",
  "minimum" : 9.16215896606,
  "local" : "Terras de Bouro"
}, {
  "date" : "2021-12-25",
  "minimum" : 8.60216522217,
  "local" : "Terras de Bouro"
}, {
  "date" : "2021-12-24",
  "minimum" : 6.80002498627,
  "local" : "Cabeceiras de Basto"
}, {
  "date" : "2021-12-23",
  "minimum" : 7.70001888275,
  "local" : "Cabeceiras de Basto"
}, {
  "date" : "2021-12-22",
  "minimum" : 9.9525308609,
  "local" : "Terras de Bouro"
}, {
  "date" : "2021-12-21",
  "minimum" : 9.02035427094,
  "local" : "Cabeceiras de Basto"
}, {
  "date" : "2021-12-20",
  "minimum" : 7.70094108582,
  "local" : "Celoirico de Basto"
}, {
  "date" : "2021-12-19",
  "minimum" : 1.40000724792,
  "local" : "Braga"
}, {
  "date" : "2021-12-18",
  "minimum" : -0.699944317341,
  "local" : "Cabeceiras de Basto"
} ]