[ {
  "date" : "2021-12-25",
  "minimum" : 3.84441709518,
  "local" : "Terras de Bouro"
}, {
  "date" : "2021-12-24",
  "minimum" : 5.47107124329,
  "local" : "Celoirico de Basto"
}, {
  "date" : "2021-12-23",
  "minimum" : 8.47598838806,
  "local" : "Vila nova de Famalicão"
}, {
  "date" : "2021-12-22",
  "minimum" : 1.09803903103,
  "local" : "Vila nova de Famalicão"
}, {
  "date" : "2021-12-21",
  "minimum" : 5.32809352875,
  "local" : "Esposende"
}, {
  "date" : "2021-12-20",
  "minimum" : 12.7000198364,
  "local" : "Cabeceiras de Basto"
}, {
  "date" : "2021-12-19",
  "minimum" : 0.0,
  "local" : "Amares"
}, {
  "date" : "2021-12-19",
  "minimum" : 0.0,
  "local" : "Barcelos"
}, {
  "date" : "2021-12-19",
  "minimum" : 0.0,
  "local" : "Braga"
}, {
  "date" : "2021-12-19",
  "minimum" : 0.0,
  "local" : "Cabeceiras de Basto"
}, {
  "date" : "2021-12-19",
  "minimum" : 0.0,
  "local" : "Celoirico de Basto"
}, {
  "date" : "2021-12-19",
  "minimum" : 0.0,
  "local" : "Esposende"
}, {
  "date" : "2021-12-19",
  "minimum" : 0.0,
  "local" : "Fafe"
}, {
  "date" : "2021-12-19",
  "minimum" : 0.0,
  "local" : "Guimarães"
}, {
  "date" : "2021-12-19",
  "minimum" : 0.0,
  "local" : "Póvoa de Lanhoso"
}, {
  "date" : "2021-12-19",
  "minimum" : 0.0,
  "local" : "Terras de Bouro"
}, {
  "date" : "2021-12-19",
  "minimum" : 0.0,
  "local" : "Vieira do Minho"
}, {
  "date" : "2021-12-19",
  "minimum" : 0.0,
  "local" : "Vila Verde"
}, {
  "date" : "2021-12-19",
  "minimum" : 0.0,
  "local" : "Vila nova de Famalicão"
}, {
  "date" : "2021-12-19",
  "minimum" : 0.0,
  "local" : "Vizela"
}, {
  "date" : "2021-12-18",
  "minimum" : 0.0,
  "local" : "Braga"
}, {
  "date" : "2021-12-18",
  "minimum" : 0.0,
  "local" : "Cabeceiras de Basto"
}, {
  "date" : "2021-12-18",
  "minimum" : 0.0,
  "local" : "Celoirico de Basto"
}, {
  "date" : "2021-12-18",
  "minimum" : 0.0,
  "local" : "Fafe"
}, {
  "date" : "2021-12-18",
  "minimum" : 0.0,
  "local" : "Guimarães"
}, {
  "date" : "2021-12-18",
  "minimum" : 0.0,
  "local" : "Póvoa de Lanhoso"
}, {
  "date" : "2021-12-18",
  "minimum" : 0.0,
  "local" : "Vieira do Minho"
}, {
  "date" : "2021-12-18",
  "minimum" : 0.0,
  "local" : "Vila nova de Famalicão"
}, {
  "date" : "2021-12-18",
  "minimum" : 0.0,
  "local" : "Vizela"
}, {
  "date" : "2021-12-17",
  "minimum" : 0.000000106158438,
  "local" : "Cabeceiras de Basto"
} ]