[ {
  "precipitaProb" : 0.0,
  "tMin" : 8.3,
  "tMax" : 20.9,
  "predWindDir" : "SE",
  "longitude" : -8.4227,
  "forecastDate" : "2021-12-30",
  "latitude" : 41.5475,
  "descClassPrecIntPT" : null,
  "descIdWeatherTypePT" : "Céu pouco nublado",
  "descClassWindSpeedDailyPT" : "Fraco"
}, {
  "precipitaProb" : 0.0,
  "tMin" : 6.8,
  "tMax" : 22.8,
  "predWindDir" : "SE",
  "longitude" : -8.4227,
  "forecastDate" : "2021-12-31",
  "latitude" : 41.5475,
  "descClassPrecIntPT" : null,
  "descIdWeatherTypePT" : "Céu nublado por nuvens altas",
  "descClassWindSpeedDailyPT" : "Fraco"
}, {
  "precipitaProb" : 43.0,
  "tMin" : 10.0,
  "tMax" : 22.1,
  "predWindDir" : "S",
  "longitude" : -8.4227,
  "forecastDate" : "2022-01-01",
  "latitude" : 41.5475,
  "descClassPrecIntPT" : "Moderado",
  "descIdWeatherTypePT" : "Aguaceiros",
  "descClassWindSpeedDailyPT" : "Fraco"
}, {
  "precipitaProb" : 100.0,
  "tMin" : 10.7,
  "tMax" : 17.6,
  "predWindDir" : "S",
  "longitude" : -8.4227,
  "forecastDate" : "2021-12-29",
  "latitude" : 41.5475,
  "descClassPrecIntPT" : "Moderado",
  "descIdWeatherTypePT" : "Chuva",
  "descClassWindSpeedDailyPT" : "Fraco"
}, {
  "precipitaProb" : 77.0,
  "tMin" : 11.9,
  "tMax" : 16.8,
  "predWindDir" : "E",
  "longitude" : -8.4227,
  "forecastDate" : "2022-01-02",
  "latitude" : 41.5475,
  "descClassPrecIntPT" : "Moderado",
  "descIdWeatherTypePT" : "Chuva",
  "descClassWindSpeedDailyPT" : "Fraco"
} ]