<?xml version="1.0" encoding="UTF-8"?>
<root>
    <item>
        <precipitaProb>0</precipitaProb>
        <tMin>8.3</tMin>
        <tMax>20.9</tMax>
        <predWindDir>SE</predWindDir>
        <longitude>-8.4227</longitude>
        <forecastDate>2021-12-30</forecastDate>
        <latitude>41.5475</latitude>
        <descClassPrecIntPT>
        </descClassPrecIntPT>
        <descIdWeatherTypePT>Céu pouco nublado</descIdWeatherTypePT>
        <descClassWindSpeedDailyPT>Fraco</descClassWindSpeedDailyPT>
    </item>
    <item>
        <precipitaProb>0</precipitaProb>
        <tMin>6.8</tMin>
        <tMax>22.8</tMax>
        <predWindDir>SE</predWindDir>
        <longitude>-8.4227</longitude>
        <forecastDate>2021-12-31</forecastDate>
        <latitude>41.5475</latitude>
        <descClassPrecIntPT>
        </descClassPrecIntPT>
        <descIdWeatherTypePT>Céu nublado por nuvens altas</descIdWeatherTypePT>
        <descClassWindSpeedDailyPT>Fraco</descClassWindSpeedDailyPT>
    </item>
    <item>
        <precipitaProb>43</precipitaProb>
        <tMin>1E+1</tMin>
        <tMax>22.1</tMax>
        <predWindDir>S</predWindDir>
        <longitude>-8.4227</longitude>
        <forecastDate>2022-01-01</forecastDate>
        <latitude>41.5475</latitude>
        <descClassPrecIntPT>Moderado</descClassPrecIntPT>
        <descIdWeatherTypePT>Aguaceiros</descIdWeatherTypePT>
        <descClassWindSpeedDailyPT>Fraco</descClassWindSpeedDailyPT>
    </item>
    <item>
        <precipitaProb>1E+2</precipitaProb>
        <tMin>10.7</tMin>
        <tMax>17.6</tMax>
        <predWindDir>S</predWindDir>
        <longitude>-8.4227</longitude>
        <forecastDate>2021-12-29</forecastDate>
        <latitude>41.5475</latitude>
        <descClassPrecIntPT>Moderado</descClassPrecIntPT>
        <descIdWeatherTypePT>Chuva</descIdWeatherTypePT>
        <descClassWindSpeedDailyPT>Fraco</descClassWindSpeedDailyPT>
    </item>
    <item>
        <precipitaProb>77</precipitaProb>
        <tMin>11.9</tMin>
        <tMax>16.8</tMax>
        <predWindDir>E</predWindDir>
        <longitude>-8.4227</longitude>
        <forecastDate>2022-01-02</forecastDate>
        <latitude>41.5475</latitude>
        <descClassPrecIntPT>Moderado</descClassPrecIntPT>
        <descIdWeatherTypePT>Chuva</descIdWeatherTypePT>
        <descClassWindSpeedDailyPT>Fraco</descClassWindSpeedDailyPT>
    </item>
</root>