<?xml version="1.0" encoding="UTF-8"?>
<root>
    <item>
        <date>2021-12-28</date>
        <minimum>5.1235294342</minimum>
        <local>Celoirico de Basto</local>
    </item>
    <item>
        <date>2021-12-27</date>
        <minimum>10.3486204147</minimum>
        <local>Terras de Bouro</local>
    </item>
    <item>
        <date>2021-12-26</date>
        <minimum>9.16215896606</minimum>
        <local>Terras de Bouro</local>
    </item>
    <item>
        <date>2021-12-25</date>
        <minimum>8.60216522217</minimum>
        <local>Terras de Bouro</local>
    </item>
    <item>
        <date>2021-12-24</date>
        <minimum>6.80002498627</minimum>
        <local>Cabeceiras de Basto</local>
    </item>
    <item>
        <date>2021-12-23</date>
        <minimum>7.70001888275</minimum>
        <local>Cabeceiras de Basto</local>
    </item>
    <item>
        <date>2021-12-22</date>
        <minimum>9.9525308609</minimum>
        <local>Terras de Bouro</local>
    </item>
    <item>
        <date>2021-12-21</date>
        <minimum>9.02035427094</minimum>
        <local>Cabeceiras de Basto</local>
    </item>
    <item>
        <date>2021-12-20</date>
        <minimum>7.70094108582</minimum>
        <local>Celoirico de Basto</local>
    </item>
    <item>
        <date>2021-12-19</date>
        <minimum>1.40000724792</minimum>
        <local>Braga</local>
    </item>
    <item>
        <date>2021-12-18</date>
        <minimum>-0.699944317341</minimum>
        <local>Cabeceiras de Basto</local>
    </item>
</root>