
{
    "version": "4.5.0.v202112011542",
    "created": "2021-12-07 09:29",
    "nodestats": {
        "nodes": [
            {
                "id": "org.knime.base.node.io.filehandling.csv.reader.CSVTableReaderNodeFactory#CSV Reader",
                "nrexecs": 657,
                "nrfails": 6,
                "exectime": 190024,
                "nrcreated": 5,
                "successor": "org.knime.json.node.fromtable.TableToJsonNodeFactory#Table to JSON"
            },
            {
                "id": "org.knime.rest.nodes.get.RestGetNodeFactory#GET Request",
                "nrexecs": 0,
                "nrfails": 0,
                "exectime": 0,
                "nrcreated": 4,
                "successor": "n/a"
            },
            {
                "id": "org.knime.base.node.io.tablecreator.TableCreator2NodeFactory#Table Creator",
                "nrexecs": 0,
                "nrfails": 0,
                "exectime": 0,
                "nrcreated": 1,
                "successor": "org.knime.rest.nodes.get.RestGetNodeFactory#GET Request"
            },
            {
                "id": "org.knime.base.node.io.filehandling.csv.writer.CSVWriter2NodeFactory#CSV Writer",
                "nrexecs": 64,
                "nrfails": 0,
                "exectime": 1351,
                "nrcreated": 2,
                "successor": "org.knime.base.node.meta.looper.LoopEndDynamicNodeFactory#Loop End"
            },
            {
                "id": "org.knime.base.node.io.filehandling.table.writer.TableWriterNodeFactory#Table Writer",
                "nrexecs": 0,
                "nrfails": 0,
                "exectime": 0,
                "nrcreated": 1,
                "successor": "n/a"
            },
            {
                "id": "org.knime.base.node.preproc.rename.RenameNodeFactory#Column Rename",
                "nrexecs": 7,
                "nrfails": 0,
                "exectime": 5,
                "nrcreated": 4,
                "successor": "org.knime.base.node.preproc.columnresorter.ColumnResorterNodeFactory#Column Resorter"
            },
            {
                "id": "org.knime.database.extension.sqlite.node.connector.SQLiteDBConnectorNodeFactory#SQLite Connector",
                "nrexecs": 1,
                "nrfails": 0,
                "exectime": 580,
                "nrcreated": 0,
                "successor": "n/a"
            },
            {
                "id": "org.knime.database.node.io.reader.query.DBQueryReaderNodeFactory#DB Query Reader",
                "nrexecs": 1,
                "nrfails": 0,
                "exectime": 76,
                "nrcreated": 1,
                "successor": "n/a"
            },
            {
                "id": "org.knime.base.node.preproc.append.row.AppendedRowsNodeFactory#Concatenate",
                "nrexecs": 77,
                "nrfails": 1,
                "exectime": 480,
                "nrcreated": 4,
                "successor": "org.knime.json.node.fromtable.TableToJsonNodeFactory#Table to JSON"
            },
            {
                "id": "org.knime.base.node.io.filehandling.table.reader.KnimeTableReaderNodeFactory#Table Reader",
                "nrexecs": 1,
                "nrfails": 0,
                "exectime": 443,
                "nrcreated": 0,
                "successor": "n/a"
            },
            {
                "id": "org.knime.base.node.preproc.filter.column.DataColumnSpecFilterNodeFactory#Column Filter",
                "nrexecs": 27,
                "nrfails": 0,
                "exectime": 15,
                "nrcreated": 3,
                "successor": "org.knime.base.node.preproc.rowkey2.RowKeyNodeFactory2#RowID"
            },
            {
                "id": "org.knime.base.node.preproc.cellreplace.CellReplacerNodeFactory#Cell Replacer",
                "nrexecs": 1,
                "nrfails": 0,
                "exectime": 74,
                "nrcreated": 0,
                "successor": "n/a"
            },
            {
                "id": "org.knime.base.node.preproc.joiner3.Joiner3NodeFactory#Joiner",
                "nrexecs": 113,
                "nrfails": 0,
                "exectime": 1544,
                "nrcreated": 8,
                "successor": "org.knime.base.node.preproc.filter.row.RowFilterNodeFactory#Row Filter"
            },
            {
                "id": "org.knime.ext.poi3.node.io.filehandling.excel.reader.ExcelTableReaderNodeFactory#Excel Reader",
                "nrexecs": 1,
                "nrfails": 0,
                "exectime": 1520,
                "nrcreated": 0,
                "successor": "n/a"
            },
            {
                "id": "org.knime.base.node.preproc.stringmanipulation.StringManipulationNodeFactory#String Manipulation",
                "nrexecs": 1,
                "nrfails": 0,
                "exectime": 162,
                "nrcreated": 0,
                "successor": "n/a"
            },
            {
                "id": "org.knime.base.node.preproc.groupby.GroupByNodeFactory#GroupBy",
                "nrexecs": 205,
                "nrfails": 0,
                "exectime": 928,
                "nrcreated": 6,
                "successor": "org.knime.base.node.preproc.rename.RenameNodeFactory#Column Rename"
            },
            {
                "id": "org.knime.dynamic.js.v30.DynamicJSNodeFactory#Bar Chart",
                "nrexecs": 1,
                "nrfails": 0,
                "exectime": 80,
                "nrcreated": 0,
                "successor": "n/a"
            },
            {
                "id": "org.knime.base.node.util.sendmail.SendMailNodeFactory#Send Email",
                "nrexecs": 70,
                "nrfails": 36,
                "exectime": 257239,
                "nrcreated": 4,
                "successor": "org.knime.base.node.meta.looper.variable.end.LoopEndVariableNodeFactory#Variable Loop End"
            },
            {
                "id": "org.knime.json.node.tojson.ColumnsToJsonNodeFactory#Columns to JSON",
                "nrexecs": 4,
                "nrfails": 0,
                "exectime": 218,
                "nrcreated": 3,
                "successor": "org.knime.base.node.preproc.groupby.GroupByNodeFactory#GroupBy"
            },
            {
                "id": "org.knime.json.node.fromtable.TableToJsonNodeFactory#Table to JSON",
                "nrexecs": 108,
                "nrfails": 0,
                "exectime": 1043,
                "nrcreated": 5,
                "successor": "org.knime.json.node.toxml.JSONToXMLNodeFactory#JSON To XML"
            },
            {
                "id": "org.knime.json.node.output.JSONOutputNodeFactory#Container Output (JSON)",
                "nrexecs": 6,
                "nrfails": 0,
                "exectime": 5,
                "nrcreated": 1,
                "successor": "n/a"
            },
            {
                "id": "org.knime.json.node.toxml.JSONToXMLNodeFactory#JSON To XML",
                "nrexecs": 85,
                "nrfails": 0,
                "exectime": 1362,
                "nrcreated": 4,
                "successor": "org.knime.xml.node.filehandling.writer.XMLWriterNodeFactory2#XML Writer"
            },
            {
                "id": "org.knime.xml.node.columntoxml.ColumnToXMLNodeFactory#Column To XML",
                "nrexecs": 0,
                "nrfails": 0,
                "exectime": 0,
                "nrcreated": 2,
                "successor": "org.knime.json.node.toxml.JSONToXMLNodeFactory#JSON To XML"
            },
            {
                "id": "org.knime.base.node.flowvariable.tablerowtovariable3.TableToVariable3NodeFactory#Table Row to Variable",
                "nrexecs": 6,
                "nrfails": 0,
                "exectime": 5,
                "nrcreated": 2,
                "successor": "org.knime.base.node.util.sendmail.SendMailNodeFactory#Send Email"
            },
            {
                "id": "org.knime.json.node.filehandling.reader.JSONReaderNodeFactory#JSON Reader",
                "nrexecs": 18,
                "nrfails": 0,
                "exectime": 4223,
                "nrcreated": 6,
                "successor": "org.knime.json.node.jsonpath.multi.JSONPathNodeFactory#JSON Path"
            },
            {
                "id": "org.knime.json.node.input.JSONInputNodeFactory#Container Input (JSON)",
                "nrexecs": 1,
                "nrfails": 0,
                "exectime": 2,
                "nrcreated": 1,
                "successor": "n/a"
            },
            {
                "id": "org.knime.xml.node.stringtoxml.StringToXMLNodeFactory#String To XML",
                "nrexecs": 1,
                "nrfails": 0,
                "exectime": 340,
                "nrcreated": 1,
                "successor": "n/a"
            },
            {
                "id": "org.knime.base.node.image.tablerowtoimage.TableRowToImageNodeFactory#Table To Image",
                "nrexecs": 0,
                "nrfails": 0,
                "exectime": 0,
                "nrcreated": 3,
                "successor": "org.knime.base.node.io.filehandling.imagewriter.ImagePortWriterNodeFactory#Image Writer (Port)"
            },
            {
                "id": "org.knime.base.node.flowvariable.tablecoltovariable4.TableColumnToVariable4NodeFactory#Table Column to Variable",
                "nrexecs": 43,
                "nrfails": 0,
                "exectime": 78,
                "nrcreated": 2,
                "successor": "org.knime.base.node.util.sendmail.SendMailNodeFactory#Send Email"
            },
            {
                "id": "org.knime.base.node.preproc.filter.row.RowFilterNodeFactory#Row Filter",
                "nrexecs": 106,
                "nrfails": 0,
                "exectime": 668,
                "nrcreated": 2,
                "successor": "org.knime.json.node.fromtable.TableToJsonNodeFactory#Table to JSON"
            },
            {
                "id": "org.knime.json.node.totable.JSONToTableNodeFactory#JSON to Table",
                "nrexecs": 65,
                "nrfails": 0,
                "exectime": 1002,
                "nrcreated": 9,
                "successor": "org.knime.json.node.tojson.ColumnsToJsonNodeFactory#Columns to JSON"
            },
            {
                "id": "org.knime.base.node.rules.engine.RuleEngineNodeFactory#Rule Engine",
                "nrexecs": 0,
                "nrfails": 0,
                "exectime": 0,
                "nrcreated": 1,
                "successor": "n/a"
            },
            {
                "id": "org.knime.base.node.preproc.crossjoin.CrossJoinerNodeFactory#Cross Joiner",
                "nrexecs": 0,
                "nrfails": 0,
                "exectime": 0,
                "nrcreated": 1,
                "successor": "n/a"
            },
            {
                "id": "org.knime.base.node.preproc.columnlag.LagColumnNodeFactory#Lag Column",
                "nrexecs": 0,
                "nrfails": 0,
                "exectime": 0,
                "nrcreated": 1,
                "successor": "n/a"
            },
            {
                "id": "org.knime.base.node.preproc.rowkey2.RowKeyNodeFactory2#RowID",
                "nrexecs": 98,
                "nrfails": 7,
                "exectime": 379,
                "nrcreated": 3,
                "successor": "org.knime.base.node.flowvariable.tablecoltovariable4.TableColumnToVariable4NodeFactory#Table Column to Variable"
            },
            {
                "id": "org.knime.base.node.preproc.filter.rowref.RowFilterRefNodeFactory#Reference Row Filter",
                "nrexecs": 3,
                "nrfails": 0,
                "exectime": 4,
                "nrcreated": 1,
                "successor": "n/a"
            },
            {
                "id": "org.knime.base.node.flowvariable.appendvariabletotable4.AppendVariableToTable4NodeFactory#Variable to Table Column",
                "nrexecs": 0,
                "nrfails": 0,
                "exectime": 0,
                "nrcreated": 1,
                "successor": "n/a"
            },
            {
                "id": "org.knime.base.node.flowvariable.injectvariables.InjectVariablesNodeFactory#Inject Variables (Data)",
                "nrexecs": 0,
                "nrfails": 0,
                "exectime": 0,
                "nrcreated": 1,
                "successor": "n/a"
            },
            {
                "id": "org.knime.base.node.preproc.constantvalue.ConstantValueColumnNodeFactory#Constant Value Column",
                "nrexecs": 630,
                "nrfails": 0,
                "exectime": 2983,
                "nrcreated": 2,
                "successor": "org.knime.base.node.preproc.joiner3.Joiner3NodeFactory#Joiner"
            },
            {
                "id": "org.knime.base.node.preproc.sorter.SorterNodeFactory#Sorter",
                "nrexecs": 114,
                "nrfails": 0,
                "exectime": 162,
                "nrcreated": 1,
                "successor": "org.knime.base.node.preproc.filter.column.DataColumnSpecFilterNodeFactory#Column Filter"
            },
            {
                "id": "org.knime.time.node.filter.datetimebasedrowfilter.DateTimeBasedRowFilterNodeFactory#Date&Time-based Row Filter",
                "nrexecs": 0,
                "nrfails": 0,
                "exectime": 0,
                "nrcreated": 1,
                "successor": "n/a"
            },
            {
                "id": "org.knime.js.base.node.quickform.input.date2.DateInput2QuickFormNodeFactory#Date&Time Input",
                "nrexecs": 0,
                "nrfails": 0,
                "exectime": 0,
                "nrcreated": 3,
                "successor": "n/a"
            },
            {
                "id": "org.knime.time.node.calculate.datetimedifference.DateTimeDifferenceNodeFactory#Date&Time Difference",
                "nrexecs": 58,
                "nrfails": 2,
                "exectime": 426,
                "nrcreated": 3,
                "successor": "org.knime.base.node.preproc.filter.row.RowFilterNodeFactory#Row Filter"
            },
            {
                "id": "org.knime.time.node.create.createdatetime.CreateDateTimeNodeFactory#Create Date&Time Range",
                "nrexecs": 11,
                "nrfails": 0,
                "exectime": 26,
                "nrcreated": 1,
                "successor": "n/a"
            },
            {
                "id": "org.knime.time.node.convert.stringtodatetime.StringToDateTimeNodeFactory#String to Date&Time",
                "nrexecs": 55,
                "nrfails": 3,
                "exectime": 1294,
                "nrcreated": 1,
                "successor": "org.knime.time.node.calculate.datetimedifference.DateTimeDifferenceNodeFactory#Date&Time Difference"
            },
            {
                "id": "org.knime.time.node.extract.datetime.ExtractDateTimeFieldsNodeFactory2#Extract Date&Time Fields",
                "nrexecs": 1,
                "nrfails": 0,
                "exectime": 1,
                "nrcreated": 1,
                "successor": "n/a"
            },
            {
                "id": "org.knime.base.node.preproc.filter.nominal.NominalValueRowFilterNodeFactory#Nominal Value Row Filter",
                "nrexecs": 0,
                "nrfails": 0,
                "exectime": 0,
                "nrcreated": 1,
                "successor": "n/a"
            },
            {
                "id": "org.knime.database.node.manipulation.query.DBSQLQueryNodeFactory#DB Query",
                "nrexecs": 2,
                "nrfails": 0,
                "exectime": 15,
                "nrcreated": 2,
                "successor": "n/a"
            },
            {
                "id": "org.knime.base.node.io.database.connection.JDBCConnectorNodeFactory#Database Connector (legacy)",
                "nrexecs": 0,
                "nrfails": 0,
                "exectime": 0,
                "nrcreated": 1,
                "successor": "n/a"
            },
            {
                "id": "org.knime.database.node.connector.generic.DBConnectorNodeFactory#DB Connector",
                "nrexecs": 0,
                "nrfails": 0,
                "exectime": 0,
                "nrcreated": 1,
                "successor": "n/a"
            },
            {
                "id": "org.knime.database.extension.mssql.node.connector.MSSQLDBConnectorNodeFactory#Microsoft SQL Server Connector",
                "nrexecs": 25,
                "nrfails": 8,
                "exectime": 56744,
                "nrcreated": 1,
                "successor": "org.knime.database.node.utility.tableselector.DBTableSelectNodeFactory#DB Table Selector"
            },
            {
                "id": "org.knime.base.node.io.database.DBReaderNodeFactory#Database Reader (legacy)",
                "nrexecs": 0,
                "nrfails": 0,
                "exectime": 0,
                "nrcreated": 1,
                "successor": "n/a"
            },
            {
                "id": "org.knime.database.node.utility.tableselector.DBTableSelectNodeFactory#DB Table Selector",
                "nrexecs": 26,
                "nrfails": 0,
                "exectime": 268,
                "nrcreated": 1,
                "successor": "org.knime.database.node.io.reader.DBReadNodeFactory#DB Reader"
            },
            {
                "id": "org.knime.ext.microsoft.authentication.node.auth.MicrosoftAuthenticationNodeFactory#Microsoft Authentication",
                "nrexecs": 3,
                "nrfails": 2,
                "exectime": 1679,
                "nrcreated": 2,
                "successor": "org.knime.database.extension.mssql.node.connector.MSSQLDBConnectorNodeFactory#Microsoft SQL Server Connector"
            },
            {
                "id": "org.knime.base.node.io.database.DBConnectionNodeFactory#Database Connection Table Reader (legacy)",
                "nrexecs": 0,
                "nrfails": 0,
                "exectime": 0,
                "nrcreated": 1,
                "successor": "n/a"
            },
            {
                "id": "org.knime.database.node.io.reader.DBReadNodeFactory#DB Reader",
                "nrexecs": 25,
                "nrfails": 0,
                "exectime": 1523,
                "nrcreated": 1,
                "successor": "org.knime.base.node.meta.looper.variable.start.LoopStartVariable3NodeFactory#Table Row To Variable Loop Start"
            },
            {
                "id": "org.knime.base.node.meta.looper.LoopStartCountDynamicNodeFactory#Counting Loop Start",
                "nrexecs": 0,
                "nrfails": 0,
                "exectime": 0,
                "nrcreated": 1,
                "successor": "n/a"
            },
            {
                "id": "org.knime.base.node.meta.looper.condition.LoopStartGenericDynamicNodeFactory#Generic Loop Start",
                "nrexecs": 59,
                "nrfails": 0,
                "exectime": 69,
                "nrcreated": 3,
                "successor": "org.knime.base.node.flowcontrol.sleep.SleepNodeFactory#Wait..."
            },
            {
                "id": "org.knime.base.node.meta.looper.condition.LoopEndConditionDynamicNodeFactory#Variable Condition Loop End",
                "nrexecs": 29,
                "nrfails": 0,
                "exectime": 37,
                "nrcreated": 2,
                "successor": "n/a"
            },
            {
                "id": "org.knime.base.node.meta.looper.LoopStartIntervalDynamicNodeFactory#Interval Loop Start",
                "nrexecs": 1,
                "nrfails": 0,
                "exectime": 3,
                "nrcreated": 2,
                "successor": "org.knime.database.node.io.reader.DBReadNodeFactory#DB Reader"
            },
            {
                "id": "org.knime.base.node.meta.looper.variable.start.LoopStartVariable3NodeFactory#Table Row To Variable Loop Start",
                "nrexecs": 53,
                "nrfails": 0,
                "exectime": 111,
                "nrcreated": 1,
                "successor": "org.knime.base.node.util.sendmail.SendMailNodeFactory#Send Email"
            },
            {
                "id": "org.knime.base.node.meta.looper.variable.end.LoopEndVariableNodeFactory#Variable Loop End",
                "nrexecs": 46,
                "nrfails": 0,
                "exectime": 74,
                "nrcreated": 1,
                "successor": "org.knime.base.node.meta.looper.condition.LoopEndConditionDynamicNodeFactory#Variable Condition Loop End"
            },
            {
                "id": "org.knime.productivity.callworkflow.table.Post43CallWorkflowTableNodeFactory#Call Workflow (Table Based)",
                "nrexecs": 1,
                "nrfails": 1,
                "exectime": 99,
                "nrcreated": 1,
                "successor": "n/a"
            },
            {
                "id": "org.knime.json.node.filehandling.writer.JSONWriterNodeFactory2#JSON Writer",
                "nrexecs": 83,
                "nrfails": 0,
                "exectime": 2093,
                "nrcreated": 1,
                "successor": "org.knime.base.node.meta.looper.condition.LoopEndConditionDynamicNodeFactory#Variable Condition Loop End"
            },
            {
                "id": "org.knime.ext.poi3.node.io.filehandling.excel.writer.ExcelTableWriterNodeFactory#Excel Writer",
                "nrexecs": 3,
                "nrfails": 0,
                "exectime": 317,
                "nrcreated": 3,
                "successor": "n/a"
            },
            {
                "id": "org.knime.xml.node.filehandling.writer.XMLWriterNodeFactory2#XML Writer",
                "nrexecs": 83,
                "nrfails": 2,
                "exectime": 2069,
                "nrcreated": 1,
                "successor": "org.knime.base.node.meta.looper.LoopEndDynamicNodeFactory#Loop End"
            },
            {
                "id": "org.knime.json.node.jsonpath.multi.JSONPathNodeFactory#JSON Path",
                "nrexecs": 34,
                "nrfails": 0,
                "exectime": 379,
                "nrcreated": 4,
                "successor": "org.knime.base.node.preproc.ungroup.UngroupNodeFactory#Ungroup"
            },
            {
                "id": "org.knime.workflowservices.knime.caller.CallWorkflowNodeFactory#Call Workflow Service",
                "nrexecs": 0,
                "nrfails": 0,
                "exectime": 0,
                "nrcreated": 1,
                "successor": "n/a"
            },
            {
                "id": "org.knime.base.node.flowcontrol.sleep.SleepNodeFactory#Wait...",
                "nrexecs": 52,
                "nrfails": 41,
                "exectime": 5841194,
                "nrcreated": 1,
                "successor": "org.knime.json.node.filehandling.reader.JSONReaderNodeFactory#JSON Reader"
            },
            {
                "id": "org.knime.base.node.meta.looper.LoopEndDynamicNodeFactory#Loop End",
                "nrexecs": 0,
                "nrfails": 1,
                "exectime": 0,
                "nrcreated": 3,
                "successor": "n/a"
            },
            {
                "id": "org.knime.base.node.io.filehandling.imagewriter.ImagePortWriterNodeFactory#Image Writer (Port)",
                "nrexecs": 0,
                "nrfails": 0,
                "exectime": 0,
                "nrcreated": 1,
                "successor": "n/a"
            },
            {
                "id": "org.knime.xml.node.filehandling.reader.XMLReaderNodeFactory2#XML Reader",
                "nrexecs": 7,
                "nrfails": 2,
                "exectime": 156,
                "nrcreated": 2,
                "successor": "org.knime.json.node.fromxml.XMLToJSONNodeFactory#XML To JSON"
            },
            {
                "id": "org.knime.xml.node.rcombine.XMLRowCombinerNodeFactory#XML Row Combiner",
                "nrexecs": 2,
                "nrfails": 2,
                "exectime": 29,
                "nrcreated": 3,
                "successor": "org.knime.xml.node.filehandling.writer.XMLWriterNodeFactory2#XML Writer"
            },
            {
                "id": "org.knime.xml.node.combinewriter.XMLCombineWriterNodeFactory#XML Row Combine and Write",
                "nrexecs": 0,
                "nrfails": 0,
                "exectime": 0,
                "nrcreated": 1,
                "successor": "n/a"
            },
            {
                "id": "org.knime.xml.node.xpath2.XPathNodeFactory#XPath",
                "nrexecs": 25,
                "nrfails": 2,
                "exectime": 231,
                "nrcreated": 2,
                "successor": "org.knime.json.node.fromxml.XMLToJSONNodeFactory#XML To JSON"
            },
            {
                "id": "org.knime.json.node.fromxml.XMLToJSONNodeFactory#XML To JSON",
                "nrexecs": 5,
                "nrfails": 0,
                "exectime": 19,
                "nrcreated": 1,
                "successor": "org.knime.json.node.totable.JSONToTableNodeFactory#JSON to Table"
            },
            {
                "id": "org.knime.json.node.patch.apply.JSONPatchApplyNodeFactory#JSON Transformer",
                "nrexecs": 2,
                "nrfails": 0,
                "exectime": 8,
                "nrcreated": 1,
                "successor": "n/a"
            },
            {
                "id": "org.knime.xml.node.ccombine2.XMLColumnCombinerNodeFactory#XML Column Combiner",
                "nrexecs": 2,
                "nrfails": 0,
                "exectime": 8,
                "nrcreated": 2,
                "successor": "org.knime.xml.node.filehandling.writer.XMLWriterNodeFactory2#XML Writer"
            },
            {
                "id": "org.knime.ext.birt.nodes.io.filehandling.html.HTMLReport2NodeFactory#Table to HTML",
                "nrexecs": 1,
                "nrfails": 0,
                "exectime": 2185,
                "nrcreated": 2,
                "successor": "n/a"
            },
            {
                "id": "org.lhasalimited.generic.htmltotable2.HtmlToTableString2NodeFactory#Table to HTML String",
                "nrexecs": 29,
                "nrfails": 0,
                "exectime": 257,
                "nrcreated": 1,
                "successor": "org.knime.base.node.preproc.append.row.AppendedRowsNodeFactory#Concatenate"
            },
            {
                "id": "org.knime.base.node.preproc.columnheaderinsert.ColumnHeaderInsertNodeFactory#Insert Column Header",
                "nrexecs": 0,
                "nrfails": 0,
                "exectime": 0,
                "nrcreated": 2,
                "successor": "n/a"
            },
            {
                "id": "org.knime.base.node.meta.looper.columnlist2.ColumnListLoopStartNodeFactory#Column List Loop Start",
                "nrexecs": 5,
                "nrfails": 0,
                "exectime": 6,
                "nrcreated": 1,
                "successor": "org.knime.json.node.totable.JSONToTableNodeFactory#JSON to Table"
            },
            {
                "id": "org.knime.base.node.meta.looper.LoopEndNodeFactory#Loop End (deprecated)",
                "nrexecs": 3,
                "nrfails": 0,
                "exectime": 6,
                "nrcreated": 0,
                "successor": "n/a"
            },
            {
                "id": "org.knime.base.node.rules.engine.RuleEngineFilterNodeFactory#Rule-based Row Filter",
                "nrexecs": 0,
                "nrfails": 0,
                "exectime": 0,
                "nrcreated": 1,
                "successor": "n/a"
            },
            {
                "id": "org.knime.base.node.preproc.transpose.TransposeTableNodeFactory#Transpose",
                "nrexecs": 1,
                "nrfails": 0,
                "exectime": 3,
                "nrcreated": 1,
                "successor": "org.knime.base.node.preproc.rename.RenameNodeFactory#Column Rename"
            },
            {
                "id": "org.knime.base.collection.list.split.CollectionSplitNodeFactory#Split Collection Column",
                "nrexecs": 0,
                "nrfails": 0,
                "exectime": 0,
                "nrcreated": 1,
                "successor": "n/a"
            },
            {
                "id": "org.knime.js.base.node.viz.pagedTable.PagedTableViewNodeFactory#Table View",
                "nrexecs": 2,
                "nrfails": 0,
                "exectime": 18,
                "nrcreated": 1,
                "successor": "n/a"
            },
            {
                "id": "org.knime.json.node.combine.column.ColumnCombineJsonNodeFactory#JSON Column Combiner",
                "nrexecs": 2,
                "nrfails": 0,
                "exectime": 4,
                "nrcreated": 2,
                "successor": "n/a"
            },
            {
                "id": "org.knime.json.node.combine.row.RowCombineJsonNodeFactory#JSON Row Combiner",
                "nrexecs": 1,
                "nrfails": 0,
                "exectime": 3,
                "nrcreated": 1,
                "successor": "n/a"
            },
            {
                "id": "org.knime.base.node.preproc.ungroup.UngroupNodeFactory#Ungroup",
                "nrexecs": 19,
                "nrfails": 0,
                "exectime": 56,
                "nrcreated": 0,
                "successor": "org.knime.base.node.preproc.joiner3.Joiner3NodeFactory#Joiner"
            },
            {
                "id": "org.knime.base.node.preproc.columnresorter.ColumnResorterNodeFactory#Column Resorter",
                "nrexecs": 1,
                "nrfails": 0,
                "exectime": 2,
                "nrcreated": 1,
                "successor": "org.lhasalimited.generic.htmltotable2.HtmlToTableString2NodeFactory#Table to HTML String"
            }
        ],
        "metaNodes": {
        },
        "wrappedNodes": {
        }
    },
    "uptime": 3194422,
    "workflowsOpened": 117,
    "remoteWorkflowsOpened": 3,
    "columnarStorageWorkflowsOpened": 0,
    "workflowsImported": 0,
    "workflowsExported": 0,
    "launches": 36,
    "lastApplicationID": "org.knime.product.KNIME_APPLICATION",
    "timeSinceLastStart": 191,
    "crashes": 1,
    "properlyShutDown": true
}